"Name","dataset","model","time_elapsed","time_elapsed_std","Agent","User","Tags","Created","Runtime","Sweep","add_hp","add_lp","adjoint","adjoint_method","adjoint_step_size","command","cuda","d","deg_normalised","device","dropout","early_stopping","early_terminate.min_iter","early_terminate.type","earlystopxT","edge_weights","entity","epochs","evectors","folds","graph_size","hidden_channels","input_dim","input_dropout","layers","left_weights","linear","lr","max_iters","max_nfe","max_t","max_test_steps","method","metric.goal","metric.name","min_acc","no_early","normalised","orth","output_dim","parameters.add_hp.distribution","parameters.add_hps","parameters.add_lp.distribution","parameters.add_lps","parameters.ds","parameters.datasets","parameters.dropout","parameters.dropouts","parameters.early_stopping","parameters.epochs","parameters.hidden_channelss","parameters.input_dropout","parameters.input_dropouts","parameters.layerss","parameters.lr","parameters.lrs","parameters.models","parameters.sample_budget","parameters.weight_decay","program","right_weights","sample_budget","sampler","second_linear","seed","sheaf_act","sheaf_decay","sparse_learner","step_size","stop_strategy","tol_scale","tol_scale_adjoint","use_act","weight_decay","best_epoch","best_test_acc","best_val_acc","fold0_tmp_test_acc","fold0_tmp_test_loss","fold0_train_acc","fold0_train_loss","fold0_val_acc","fold0_val_loss","test_acc","test_acc_std","val_acc"
"jolly-sweep-60","cora","SampleBundleSheaf_4","0.7138041659523731","0.007123882426874928","","","","2025-06-07T14:26:02.000Z","1528","qtproi57","0","0","false","adaptive_heun","1","","0","64","false","cuda:0","0.1","200","","","3","true","${ENTITY}","100","0","10","2708","16","1433","0.1","2","true","false","0.01","100","1000","1","100","","","","0","false","true","householder","7","","","","","","","","","","","","","","","","","","","","","true","10","uniform","false","43","elu","0.0005","true","1","loss","1","1","true","0.0005","40","0.7484909456740443","0.7437185929648241","0.6861167002012073","1.0646008253097534","0.99748322147651","0.07019474357366562","0.7349246231155779","0.8947604894638062","74.12474849094568","2.3242702741559196","1"
"fluent-sweep-59","cora","SampleBundleSheaf_2","0.70430123905628","0.0019216955045737753","","","","2025-06-07T14:00:50.000Z","1508","qtproi57","0","0","false","adaptive_heun","1","","0","64","false","cuda:0","0.1","200","","","3","true","${ENTITY}","100","0","10","2708","16","1433","0.1","2","true","false","0.01","100","1000","1","100","","","","0","false","true","householder","7","","","","","","","","","","","","","","","","","","","","","true","10","uniform","false","43","elu","0.0005","true","1","loss","1","1","true","0.0005","40","0.7424547283702213","0.7437185929648241","0.6961770623742455","1.066331386566162","0.99748322147651","0.06641954928636551","0.7386934673366834","0.891198456287384","74.20523138832998","2.2742649739951366","1"
"vital-sweep-58","cora","SampleBundleSheaf_1","0.7025640106666834","0.0026893091254001893","","","","2025-06-07T13:35:37.000Z","1509","qtproi57","0","0","false","adaptive_heun","1","","0","64","false","cuda:0","0.1","200","","","3","true","${ENTITY}","100","0","10","2708","16","1433","0.1","2","true","false","0.01","100","1000","1","100","","","","0","false","true","householder","7","","","","","","","","","","","","","","","","","","","","","true","10","uniform","false","43","elu","0.0005","true","1","loss","1","1","true","0.0005","40","0.7464788732394366","0.7449748743718593","0.6941649899396378","1.0653396844863892","0.99748322147651","0.06664785742759705","0.7386934673366834","0.8894546031951904","74.1851106639839","2.564188773567872","1"
"revived-sweep-57","cora","BundleSheaf","15.5536","0.1443","","","","2025-06-07T06:47:29.000Z","24476","qtproi57","0","0","false","adaptive_heun","1","","0","64","false","cuda:0","0.1","200","","","3","true","${ENTITY}","100","0","10","2708","16","1433","0.1","2","true","false","0.01","100","1000","1","100","","","","0","false","true","householder","7","","","","","","","","","","","","","","","","","","","","","true","10","uniform","false","43","elu","0.0005","true","1","loss","1","1","true","0.0005","7","0.4647887323943662","0.507537688442211","0.6056338028169014","2.3977279663085938","1","0.0297195166349411","0.6256281407035176","2.3324732780456543","","",""
"devoted-sweep-56","wisconsin","SampleBundleSheaf_4","0.0677665237900801","0.0010387295382643718","","","","2025-06-07T06:44:47.000Z","156","qtproi57","0","0","false","adaptive_heun","1","","0","64","false","cuda:0","0.1","200","","","3","true","${ENTITY}","100","0","10","251","16","1703","0.1","2","true","false","0.01","100","1000","1","100","","","","0","false","true","householder","5","","","","","","","","","","","","","","","","","","","","","true","10","uniform","false","43","elu","0.0005","true","1","loss","1","1","true","0.0005","73","0.9019607843137256","0.875","0.8235294117647058","0.6680770516395569","1","0.035287611186504364","0.85","0.3930966556072235","86.07843137254902","3.8672711614345134","1"
"fallen-sweep-55","wisconsin","SampleBundleSheaf_2","0.06780853821686468","0.0011007128734276794","","","","2025-06-07T06:42:04.000Z","156","qtproi57","0","0","false","adaptive_heun","1","","0","64","false","cuda:0","0.1","200","","","3","true","${ENTITY}","100","0","10","251","16","1703","0.1","2","true","false","0.01","100","1000","1","100","","","","0","false","true","householder","5","","","","","","","","","","","","","","","","","","","","","true","10","uniform","false","43","elu","0.0005","true","1","loss","1","1","true","0.0005","77","0.9215686274509804","0.8875","0.803921568627451","0.6555750370025635","1","0.033846549689769745","0.8625","0.3977852463722229","86.27450980392159","4.112975875177064","1"
"northern-sweep-54","wisconsin","SampleBundleSheaf_1","0.06728065621643327","0.001096984119922111","","","","2025-06-07T06:39:21.000Z","156","qtproi57","0","0","false","adaptive_heun","1","","0","64","false","cuda:0","0.1","200","","","3","true","${ENTITY}","100","0","10","251","16","1703","0.1","2","true","false","0.01","100","1000","1","100","","","","0","false","true","householder","5","","","","","","","","","","","","","","","","","","","","","true","10","uniform","false","43","elu","0.0005","true","1","loss","1","1","true","0.0005","77","0.9215686274509804","0.875","0.803921568627451","0.6568710207939148","1","0.03365607559680939","0.8625","0.397016704082489","85.88235294117646","4.3668740100627605","1"
"ethereal-sweep-53","wisconsin","BundleSheaf","0.07899536297470332","0.001088671268813855","","","","2025-06-07T06:36:18.000Z","180","qtproi57","0","0","false","adaptive_heun","1","","0","64","false","cuda:0","0.1","200","","","3","true","${ENTITY}","100","0","10","251","16","1703","0.1","2","true","false","0.01","100","1000","1","100","","","","0","false","true","householder","5","","","","","","","","","","","","","","","","","","","","","true","10","uniform","false","43","elu","0.0005","true","1","loss","1","1","true","0.0005","7","0.7647058823529411","0.75","0.7058823529411765","2.600214958190918","1","0.004234698601067066","0.7875","1.52720308303833","76.66666666666667","4.677200173284927","1"
"lemon-sweep-52","texas","SampleBundleSheaf_4","0.04643173996149562","0.001396679068753814","","","","2025-06-07T06:34:23.000Z","111","qtproi57","0","0","false","adaptive_heun","1","","0","64","false","cuda:0","0.1","200","","","3","true","${ENTITY}","100","0","10","183","16","1703","0.1","2","true","false","0.01","100","1000","1","100","","","","0","false","true","householder","5","","","","","","","","","","","","","","","","","","","","","true","10","uniform","false","43","elu","0.0005","true","1","loss","1","1","true","0.0005","93","0.8918918918918919","0.7796610169491526","0.7567567567567568","0.7272346615791321","1","0.02741645649075508","0.7457627118644068","0.7420774698257446","82.70270270270271","4.221756581571164","1"
"neat-sweep-51","texas","SampleBundleSheaf_2","0.04663968781917356","0.001265900726093798","","","","2025-06-07T06:32:28.000Z","111","qtproi57","0","0","false","adaptive_heun","1","","0","64","false","cuda:0","0.1","200","","","3","true","${ENTITY}","100","0","10","183","16","1703","0.1","2","true","false","0.01","100","1000","1","100","","","","0","false","true","householder","5","","","","","","","","","","","","","","","","","","","","","true","10","uniform","false","43","elu","0.0005","true","1","loss","1","1","true","0.0005","93","0.8918918918918919","0.7796610169491526","0.7567567567567568","0.7321632504463196","1","0.02882795967161655","0.7796610169491526","0.7142542004585266","83.5135135135135","4.9022586884370405","1"
"eager-sweep-50","texas","SampleBundleSheaf_1","0.046090782227693125","0.001208931428154929","","","","2025-06-07T06:30:33.000Z","111","qtproi57","0","0","false","adaptive_heun","1","","0","64","false","cuda:0","0.1","200","","","3","true","${ENTITY}","100","0","10","183","16","1703","0.1","2","true","false","0.01","100","1000","1","100","","","","0","false","true","householder","5","","","","","","","","","","","","","","","","","","","","","true","10","uniform","false","43","elu","0.0005","true","1","loss","1","1","true","0.0005","94","0.8648648648648649","0.7796610169491526","0.7567567567567568","0.744616687297821","1","0.029424404725432396","0.7796610169491526","0.7164691090583801","83.78378378378379","4.681218398834802","1"
"soft-sweep-49","texas","BundleSheaf","0.052308342247502894","0.0009269508055310654","","","","2025-06-07T06:28:23.000Z","123","qtproi57","0","0","false","adaptive_heun","1","","0","64","false","cuda:0","0.1","200","","","3","true","${ENTITY}","100","0","10","183","16","1703","0.1","2","true","false","0.01","100","1000","1","100","","","","0","false","true","householder","5","","","","","","","","","","","","","","","","","","","","","true","10","uniform","false","43","elu","0.0005","true","1","loss","1","1","true","0.0005","6","0.7567567567567568","0.5932203389830508","0.7837837837837838","1.8891232013702393","1","0.003523081773892045","0.711864406779661","1.365255355834961","75.40540540540542","4.4327620180693845","1"
"royal-sweep-48","cora","SampleBundleSheaf_4","0.06527060169843027","0.0015878994737113573","","","","2025-06-07T06:22:53.000Z","321","qtproi57","0","0","false","adaptive_heun","1","","0","32","false","cuda:0","0.1","200","","","3","true","${ENTITY}","100","0","10","2708","16","1433","0.1","2","true","false","0.01","100","1000","1","100","","","","0","false","true","householder","7","","","","","","","","","","","","","","","","","","","","","true","10","uniform","false","43","elu","0.0005","true","1","loss","1","1","true","0.0005","38","0.7303822937625755","0.7298994974874372","0.7022132796780685","1.038976788520813","1","0.060923364013433456","0.7386934673366834","0.8606463074684143","73.8430583501006","2.500156871953169","1"
"deft-sweep-47","cora","SampleBundleSheaf_2","0.0647677699481137","0.001814976588772508","","","","2025-06-07T06:17:29.000Z","319","qtproi57","0","0","false","adaptive_heun","1","","0","32","false","cuda:0","0.1","200","","","3","true","${ENTITY}","100","0","10","2708","16","1433","0.1","2","true","false","0.01","100","1000","1","100","","","","0","false","true","householder","7","","","","","","","","","","","","","","","","","","","","","true","10","uniform","false","43","elu","0.0005","true","1","loss","1","1","true","0.0005","37","0.7263581488933601","0.7399497487437185","0.6901408450704225","1.0149846076965332","1","0.0640905499458313","0.7349246231155779","0.858526885509491","74.06438631790743","2.5138024870745657","1"
"still-sweep-46","cora","SampleBundleSheaf_1","0.06330331540177576","0.0012327306550290362","","","","2025-06-07T06:12:11.000Z","314","qtproi57","0","0","false","adaptive_heun","1","","0","32","false","cuda:0","0.1","200","","","3","true","${ENTITY}","100","0","10","2708","16","1433","0.1","2","true","false","0.01","100","1000","1","100","","","","0","false","true","householder","7","","","","","","","","","","","","","","","","","","","","","true","10","uniform","false","43","elu","0.0005","true","1","loss","1","1","true","0.0005","38","0.7404426559356136","0.7336683417085427","0.6861167002012073","1.0186816453933716","1","0.06383055448532104","0.7311557788944724","0.8618625402450562","74.5271629778672","2.305030743117856","1"
"serene-sweep-45","cora","BundleSheaf","0.10047145325364544","0.0027158053518323206","","","","2025-06-07T06:05:43.000Z","380","qtproi57","0","0","false","adaptive_heun","1","","0","32","false","cuda:0","0.1","200","","","3","true","${ENTITY}","100","0","10","2708","16","1433","0.1","2","true","false","0.01","100","1000","1","100","","","","0","false","true","householder","7","","","","","","","","","","","","","","","","","","","","","true","10","uniform","false","43","elu","0.0005","true","1","loss","1","1","true","0.0005","10","0.4929577464788733","0.5037688442211056","0.607645875251509","1.8940439224243164","1","0.02736050076782703","0.6206030150753769","1.8204580545425415","50.48289738430582","2.468297096587896","1"
"vivid-sweep-44","wisconsin","SampleBundleSheaf_4","0.018364872066304085","0.001023938076020468","","","","2025-06-07T06:04:46.000Z","50","qtproi57","0","0","false","adaptive_heun","1","","0","32","false","cuda:0","0.1","200","","","3","true","${ENTITY}","100","0","10","251","16","1703","0.1","2","true","false","0.01","100","1000","1","100","","","","0","false","true","householder","5","","","","","","","","","","","","","","","","","","","","","true","10","uniform","false","43","elu","0.0005","true","1","loss","1","1","true","0.0005","87","0.9019607843137256","0.8375","0.803921568627451","0.7078965902328491","1","0.02247975394129753","0.85","0.320456326007843","86.27450980392156","3.720326659021623","1"
"exalted-sweep-43","wisconsin","SampleBundleSheaf_2","0.01870825747796334","0.0010155587115813515","","","","2025-06-07T06:03:48.000Z","51","qtproi57","0","0","false","adaptive_heun","1","","0","32","false","cuda:0","0.1","200","","","3","true","${ENTITY}","100","0","10","251","16","1703","0.1","2","true","false","0.01","100","1000","1","100","","","","0","false","true","householder","5","","","","","","","","","","","","","","","","","","","","","true","10","uniform","false","43","elu","0.0005","true","1","loss","1","1","true","0.0005","80","0.9019607843137256","0.825","0.8235294117647058","0.6797245144844055","1","0.035064101219177246","0.8625","0.4014383852481842","85.68627450980391","3.6208206495332145","1"
"easy-sweep-42","wisconsin","SampleBundleSheaf_1","0.018508748442167416","0.001229570543456815","","","","2025-06-07T06:02:50.000Z","51","qtproi57","0","0","false","adaptive_heun","1","","0","32","false","cuda:0","0.1","200","","","3","true","${ENTITY}","100","0","10","251","16","1703","0.1","2","true","false","0.01","100","1000","1","100","","","","0","false","true","householder","5","","","","","","","","","","","","","","","","","","","","","true","10","uniform","false","43","elu","0.0005","true","1","loss","1","1","true","0.0005","72","0.9215686274509804","0.8875","0.8235294117647058","0.6786379814147949","1","0.034761544317007065","0.8625","0.40568551421165466","86.47058823529413","3.663047390641059","1"
"gallant-sweep-41","wisconsin","BundleSheaf","0.018851837099296973","0.0010478551941699838","","","","2025-06-07T06:01:53.000Z","52","qtproi57","0","0","false","adaptive_heun","1","","0","32","false","cuda:0","0.1","200","","","3","true","${ENTITY}","100","0","10","251","16","1703","0.1","2","true","false","0.01","100","1000","1","100","","","","0","false","true","householder","5","","","","","","","","","","","","","","","","","","","","","true","10","uniform","false","43","elu","0.0005","true","1","loss","1","1","true","0.0005","10","0.7647058823529411","0.7625","0.7647058823529411","2.1461846828460693","1","0.002297363011166454","0.7875","2.658216953277588","75.29411764705883","4.573295603800237","1"
"astral-sweep-40","texas","SampleBundleSheaf_4","0.01871140907867811","0.0012153821216102105","","","","2025-06-07T06:01:00.000Z","46","qtproi57","0","0","false","adaptive_heun","1","","0","32","false","cuda:0","0.1","200","","","3","true","${ENTITY}","100","0","10","183","16","1703","0.1","2","true","false","0.01","100","1000","1","100","","","","0","false","true","householder","5","","","","","","","","","","","","","","","","","","","","","true","10","uniform","false","43","elu","0.0005","true","1","loss","1","1","true","0.0005","83","0.8378378378378378","0.8305084745762712","0.7567567567567568","0.7114499807357788","1","0.02430068515241146","0.7796610169491526","0.7245916724205017","83.78378378378379","6.043426966215648","1"
"fancy-sweep-39","texas","SampleBundleSheaf_2","0.018975186867406596","0.0015993396116668365","","","","2025-06-07T06:00:08.000Z","46","qtproi57","0","0","false","adaptive_heun","1","","0","32","false","cuda:0","0.1","200","","","3","true","${ENTITY}","100","0","10","183","16","1703","0.1","2","true","false","0.01","100","1000","1","100","","","","0","false","true","householder","5","","","","","","","","","","","","","","","","","","","","","true","10","uniform","false","43","elu","0.0005","true","1","loss","1","1","true","0.0005","93","0.8108108108108109","0.7796610169491526","0.7567567567567568","0.6800934672355652","1","0.02653675153851509","0.7457627118644068","0.7260459661483765","82.70270270270271","4.045035012728585","1"
"clear-sweep-38","texas","SampleBundleSheaf_1","0.01831852870061994","0.0010408398090273473","","","","2025-06-07T05:59:21.000Z","42","qtproi57","0","0","false","adaptive_heun","1","","0","32","false","cuda:0","0.1","200","","","3","true","${ENTITY}","100","0","10","183","16","1703","0.1","2","true","false","0.01","100","1000","1","100","","","","0","false","true","householder","5","","","","","","","","","","","","","","","","","","","","","true","10","uniform","false","43","elu","0.0005","true","1","loss","1","1","true","0.0005","93","0.8108108108108109","0.7796610169491526","0.7567567567567568","0.6932234764099121","1","0.02607799880206585","0.7966101694915254","0.7234232425689697","82.70270270270271","4.391372110614031","1"
"summer-sweep-37","texas","BundleSheaf","0.01692969702347182","0.001048162989399004","","","","2025-06-07T05:58:33.000Z","44","qtproi57","0","0","false","adaptive_heun","1","","0","32","false","cuda:0","0.1","200","","","3","true","${ENTITY}","100","0","10","183","16","1703","0.1","2","true","false","0.01","100","1000","1","100","","","","0","false","true","householder","5","","","","","","","","","","","","","","","","","","","","","true","10","uniform","false","43","elu","0.0005","true","1","loss","1","1","true","0.0005","8","0.7567567567567568","0.576271186440678","0.7837837837837838","1.497471809387207","1","0.0026925576385110617","0.8305084745762712","1.062875747680664","76.75675675675674","5.821799791496762","1"
"vital-sweep-36","cora","SampleBundleSheaf_4","0.02441246788529679","0.0017948576905350323","","","","2025-06-07T05:55:46.000Z","160","qtproi57","0","0","false","adaptive_heun","1","","0","16","false","cuda:0","0.1","200","","","3","true","${ENTITY}","100","0","10","2708","16","1433","0.1","2","true","false","0.01","100","1000","1","100","","","","0","false","true","householder","7","","","","","","","","","","","","","","","","","","","","","true","10","uniform","false","43","elu","0.0005","true","1","loss","1","1","true","0.0005","47","0.7283702213279678","0.7349246231155779","0.641851106639839","1.391989827156067","0.9958053691275168","0.057102080434560776","0.6884422110552764","1.1748268604278564","72.95774647887325","1.8598342065660112","1"
"worldly-sweep-35","cora","SampleBundleSheaf_2","0.023769687207182873","0.001049891740266716","","","","2025-06-07T05:52:58.000Z","160","qtproi57","0","0","false","adaptive_heun","1","","0","16","false","cuda:0","0.1","200","","","3","true","${ENTITY}","100","0","10","2708","16","1433","0.1","2","true","false","0.01","100","1000","1","100","","","","0","false","true","householder","7","","","","","","","","","","","","","","","","","","","","","true","10","uniform","false","43","elu","0.0005","true","1","loss","1","1","true","0.0005","47","0.7464788732394366","0.75","0.710261569416499","1.0289242267608645","1","0.07358823716640472","0.7311557788944724","0.9005320072174072","74.1046277665996","1.9508803645353736","1"
"neat-sweep-34","cora","SampleBundleSheaf_1","0.022634559365222233","0.0016886059478096874","","","","2025-06-07T05:50:21.000Z","153","qtproi57","0","0","false","adaptive_heun","1","","0","16","false","cuda:0","0.1","200","","","3","true","${ENTITY}","100","0","10","2708","16","1433","0.1","2","true","false","0.01","100","1000","1","100","","","","0","false","true","householder","7","","","","","","","","","","","","","","","","","","","","","true","10","uniform","false","43","elu","0.0005","true","1","loss","1","1","true","0.0005","53","0.744466800804829","0.7462311557788944","0.7263581488933601","0.9801809191703796","1","0.06802225112915039","0.7474874371859297","0.8372775316238403","74.04426559356136","2.2799542010809337","1"
"curious-sweep-33","cora","BundleSheaf","0.02799656544975005","0.0008128052730943967","","","","2025-06-07T05:47:54.000Z","142","qtproi57","0","0","false","adaptive_heun","1","","0","16","false","cuda:0","0.1","200","","","3","true","${ENTITY}","100","0","10","2708","16","1433","0.1","2","true","false","0.01","100","1000","1","100","","","","0","false","true","householder","7","","","","","","","","","","","","","","","","","","","","","true","10","uniform","false","43","elu","0.0005","true","1","loss","1","1","true","0.0005","13","0.5171026156941649","0.5125628140703518","0.5875251509054326","2.0260844230651855","1","0.028284041211009026","0.585427135678392","2.0225329399108887","51.73038229376259","3.48901714686964","1"
"eager-sweep-32","wisconsin","SampleBundleSheaf_4","0.01362454123725183","0.001135410640136218","","","","2025-06-07T05:47:07.000Z","39","qtproi57","0","0","false","adaptive_heun","1","","0","16","false","cuda:0","0.1","200","","","3","true","${ENTITY}","100","0","10","251","16","1703","0.1","2","true","false","0.01","100","1000","1","100","","","","0","false","true","householder","5","","","","","","","","","","","","","","","","","","","","","true","10","uniform","false","43","elu","0.0005","true","1","loss","1","1","true","0.0005","55","0.8823529411764706","0.8625","0.7254901960784313","0.9000744819641113","1","0.03417993709445","0.8375","0.4121290147304535","83.72549019607843","3.725490196078433","1"
"flowing-sweep-31","wisconsin","SampleBundleSheaf_2","0.01386102925846353","0.0014093571504626835","","","","2025-06-07T05:46:19.000Z","40","qtproi57","0","0","false","adaptive_heun","1","","0","16","false","cuda:0","0.1","200","","","3","true","${ENTITY}","100","0","10","251","16","1703","0.1","2","true","false","0.01","100","1000","1","100","","","","0","false","true","householder","5","","","","","","","","","","","","","","","","","","","","","true","10","uniform","false","43","elu","0.0005","true","1","loss","1","1","true","0.0005","86","0.9215686274509804","0.8375","0.8235294117647058","0.6515664458274841","1","0.031421925872564316","0.85","0.3956141173839569","85.88235294117646","3.137254901960783","1"
"blooming-sweep-30","wisconsin","SampleBundleSheaf_1","0.013724997027544306","0.0009749306381190804","","","","2025-06-07T05:45:37.000Z","39","qtproi57","0","0","false","adaptive_heun","1","","0","16","false","cuda:0","0.1","200","","","3","true","${ENTITY}","100","0","10","251","16","1703","0.1","2","true","false","0.01","100","1000","1","100","","","","0","false","true","householder","5","","","","","","","","","","","","","","","","","","","","","true","10","uniform","false","43","elu","0.0005","true","1","loss","1","1","true","0.0005","68","0.9019607843137256","0.8125","0.8235294117647058","0.6591750979423523","1","0.0374632366001606","0.8625","0.41047582030296326","86.07843137254902","3.766543669078147","1"
"exalted-sweep-29","wisconsin","BundleSheaf","0.012057347210589797","0.0009734338909211762","","","","2025-06-07T05:44:55.000Z","35","qtproi57","0","0","false","adaptive_heun","1","","0","16","false","cuda:0","0.1","200","","","3","true","${ENTITY}","100","0","10","251","16","1703","0.1","2","true","false","0.01","100","1000","1","100","","","","0","false","true","householder","5","","","","","","","","","","","","","","","","","","","","","true","10","uniform","false","43","elu","0.0005","true","1","loss","1","1","true","0.0005","13","0.7450980392156863","0.7625","0.7843137254901961","2.2464513778686523","1","0.000981001649051905","0.775","2.048983335494995","75.29411764705883","4.898037645802666","1"
"fallen-sweep-28","texas","SampleBundleSheaf_4","0.01386923204525374","0.001151981198756617","","","","2025-06-07T05:44:13.000Z","37","qtproi57","0","0","false","adaptive_heun","1","","0","16","false","cuda:0","0.1","200","","","3","true","${ENTITY}","100","0","10","183","16","1703","0.1","2","true","false","0.01","100","1000","1","100","","","","0","false","true","householder","5","","","","","","","","","","","","","","","","","","","","","true","10","uniform","false","43","elu","0.0005","true","1","loss","1","1","true","0.0005","98","0.8918918918918919","0.7627118644067796","0.8108108108108109","1.0851986408233645","1","0.012471841648221016","0.7457627118644068","0.812353253364563","84.05405405405405","4.750917792228905","1"
"valiant-sweep-27","texas","SampleBundleSheaf_2","0.01397636361280456","0.0011128174430953082","","","","2025-06-07T05:43:31.000Z","37","qtproi57","0","0","false","adaptive_heun","1","","0","16","false","cuda:0","0.1","200","","","3","true","${ENTITY}","100","0","10","183","16","1703","0.1","2","true","false","0.01","100","1000","1","100","","","","0","false","true","householder","5","","","","","","","","","","","","","","","","","","","","","true","10","uniform","false","43","elu","0.0005","true","1","loss","1","1","true","0.0005","95","0.8378378378378378","0.7796610169491526","0.7567567567567568","0.6287132501602173","1","0.021610982716083527","0.7627118644067796","0.6850879192352295","84.5945945945946","4.689013938620938","1"
"rare-sweep-26","texas","SampleBundleSheaf_1","0.013450907748658212","0.0010011935998887477","","","","2025-06-07T05:42:49.000Z","37","qtproi57","0","0","false","adaptive_heun","1","","0","16","false","cuda:0","0.1","200","","","3","true","${ENTITY}","100","0","10","183","16","1703","0.1","2","true","false","0.01","100","1000","1","100","","","","0","false","true","householder","5","","","","","","","","","","","","","","","","","","","","","true","10","uniform","false","43","elu","0.0005","true","1","loss","1","1","true","0.0005","75","0.8918918918918919","0.7457627118644068","0.7567567567567568","0.683135986328125","1","0.028840379789471623","0.7627118644067796","0.7382529973983765","84.05405405405405","4.594594594594594","1"
"laced-sweep-25","texas","BundleSheaf","0.01202819288452156","0.001070277468402552","","","","2025-06-07T05:42:12.000Z","34","qtproi57","0","0","false","adaptive_heun","1","","0","16","false","cuda:0","0.1","200","","","3","true","${ENTITY}","100","0","10","183","16","1703","0.1","2","true","false","0.01","100","1000","1","100","","","","0","false","true","householder","5","","","","","","","","","","","","","","","","","","","","","true","10","uniform","false","43","elu","0.0005","true","1","loss","1","1","true","0.0005","11","0.7837837837837838","0.5932203389830508","0.7837837837837838","1.535447597503662","1","0.002059257822111249","0.8305084745762712","0.9337915778160096","76.21621621621622","4.649905549752771","1"
"solar-sweep-24","cora","SampleBundleSheaf_4","0.014748312504962087","0.001485140595488693","","","","2025-06-07T05:40:01.000Z","125","qtproi57","0","0","false","adaptive_heun","1","","0","8","false","cuda:0","0.1","200","","","3","true","${ENTITY}","100","0","10","2708","16","1433","0.1","2","true","false","0.01","100","1000","1","100","","","","0","false","true","householder","7","","","","","","","","","","","","","","","","","","","","","true","10","uniform","false","43","elu","0.0005","true","1","loss","1","1","true","0.0005","31","0.7002012072434608","0.7185929648241206","0.6800804828973843","1.2285964488983154","1","0.04330985248088837","0.6922110552763819","1.1177064180374146","69.5774647887324","2.6826291046276003","1"
"twilight-sweep-23","cora","SampleBundleSheaf_2","0.0148824865706265","0.0026983842207170417","","","","2025-06-07T05:37:50.000Z","126","qtproi57","0","0","false","adaptive_heun","1","","0","8","false","cuda:0","0.1","200","","","3","true","${ENTITY}","100","0","10","2708","16","1433","0.1","2","true","false","0.01","100","1000","1","100","","","","0","false","true","householder","7","","","","","","","","","","","","","","","","","","","","","true","10","uniform","false","43","elu","0.0005","true","1","loss","1","1","true","0.0005","51","0.7404426559356136","0.7437185929648241","0.6901408450704225","1.1036107540130615","0.9991610738255032","0.05860268324613571","0.7185929648241206","0.929302990436554","73.09859154929578","1.8198969937643457","1"
"eager-sweep-22","cora","SampleBundleSheaf_1","0.01319282071944326","0.0010251579377152033","","","","2025-06-07T05:35:45.000Z","121","qtproi57","0","0","false","adaptive_heun","1","","0","8","false","cuda:0","0.1","200","","","3","true","${ENTITY}","100","0","10","2708","16","1433","0.1","2","true","false","0.01","100","1000","1","100","","","","0","false","true","householder","7","","","","","","","","","","","","","","","","","","","","","true","10","uniform","false","43","elu","0.0005","true","1","loss","1","1","true","0.0005","52","0.7404426559356136","0.7449748743718593","0.7082494969818913","1.009390354156494","1","0.06489170342683792","0.7374371859296482","0.8533616662025452","74.0040241448692","2.462303185638365","1"
"wild-sweep-21","cora","BundleSheaf","0.012794718788703904","0.0010683181652514898","","","","2025-06-07T05:34:05.000Z","93","qtproi57","0","0","false","adaptive_heun","1","","0","8","false","cuda:0","0.1","200","","","3","true","${ENTITY}","100","0","10","2708","16","1433","0.1","2","true","false","0.01","100","1000","1","100","","","","0","false","true","householder","7","","","","","","","","","","","","","","","","","","","","","true","10","uniform","false","43","elu","0.0005","true","1","loss","1","1","true","0.0005","23","0.5774647887323944","0.5791457286432161","0.5915492957746479","1.8428688049316408","1","0.03441805765032768","0.6092964824120602","1.7629305124282837","51.368209255533195","3.405161385941253","1"
"sage-sweep-20","wisconsin","SampleBundleSheaf_4","0.011453660994535316","0.001181893311171332","","","","2025-06-07T05:33:24.000Z","37","qtproi57","0","0","false","adaptive_heun","1","","0","8","false","cuda:0","0.1","200","","","3","true","${ENTITY}","100","0","10","251","16","1703","0.1","2","true","false","0.01","100","1000","1","100","","","","0","false","true","householder","5","","","","","","","","","","","","","","","","","","","","","true","10","uniform","false","43","elu","0.0005","true","1","loss","1","1","true","0.0005","61","0.803921568627451","0.825","0.7843137254901961","1.2493066787719729","1","0.021111173555254936","0.8125","1.086089015007019","82.35294117647058","2.908313132194379","1"
"absurd-sweep-19","wisconsin","SampleBundleSheaf_2","0.011305322295054793","0.00144805448589973","","","","2025-06-07T05:32:42.000Z","37","qtproi57","0","0","false","adaptive_heun","1","","0","8","false","cuda:0","0.1","200","","","3","true","${ENTITY}","100","0","10","251","16","1703","0.1","2","true","false","0.01","100","1000","1","100","","","","0","false","true","householder","5","","","","","","","","","","","","","","","","","","","","","true","10","uniform","false","43","elu","0.0005","true","1","loss","1","1","true","0.0005","88","0.8823529411764706","0.85","0.7647058823529411","0.739889919757843","1","0.040919240564107895","0.8375","0.4377283453941345","86.07843137254903","3.4467442806366537","1"
"stilted-sweep-18","wisconsin","SampleBundleSheaf_1","0.011035669188247992","0.0010417096662924024","","","","2025-06-07T05:32:00.000Z","37","qtproi57","0","0","false","adaptive_heun","1","","0","8","false","cuda:0","0.1","200","","","3","true","${ENTITY}","100","0","10","251","16","1703","0.1","2","true","false","0.01","100","1000","1","100","","","","0","false","true","householder","5","","","","","","","","","","","","","","","","","","","","","true","10","uniform","false","43","elu","0.0005","true","1","loss","1","1","true","0.0005","76","0.9215686274509804","0.8375","0.8235294117647058","0.6599470973014832","1","0.035706330090761185","0.8375","0.438966691493988","85.49019607843137","3.529411764705882","1"
"glorious-sweep-17","wisconsin","BundleSheaf","0.009118472080677746","0.0011435174845886755","","","","2025-06-07T05:31:23.000Z","31","qtproi57","0","0","false","adaptive_heun","1","","0","8","false","cuda:0","0.1","200","","","3","true","${ENTITY}","100","0","10","251","16","1703","0.1","2","true","false","0.01","100","1000","1","100","","","","0","false","true","householder","5","","","","","","","","","","","","","","","","","","","","","true","10","uniform","false","43","elu","0.0005","true","1","loss","1","1","true","0.0005","17","0.7647058823529411","0.75","0.7058823529411765","2.152519702911377","1","0.003946084529161453","0.8125","1.7488113641738892","75.88235294117648","5.116858176745056","1"
"zany-sweep-16","texas","SampleBundleSheaf_4","0.011223011050140489","0.0010081353630577968","","","","2025-06-07T05:30:46.000Z","34","qtproi57","0","0","false","adaptive_heun","1","","0","8","false","cuda:0","0.1","200","","","3","true","${ENTITY}","100","0","10","183","16","1703","0.1","2","true","false","0.01","100","1000","1","100","","","","0","false","true","householder","5","","","","","","","","","","","","","","","","","","","","","true","10","uniform","false","43","elu","0.0005","true","1","loss","1","1","true","0.0005","26","0.8108108108108109","0.6101694915254238","0.7567567567567568","1.6945431232452393","0.9885057471264368","0.03826485201716423","0.847457627118644","0.6904932856559753","80.27027027027026","4.530555301146003","1"
"crisp-sweep-15","texas","SampleBundleSheaf_2","0.011143302402459084","0.0010861405643416058","","","","2025-06-07T05:30:04.000Z","36","qtproi57","0","0","false","adaptive_heun","1","","0","8","false","cuda:0","0.1","200","","","3","true","${ENTITY}","100","0","10","183","16","1703","0.1","2","true","false","0.01","100","1000","1","100","","","","0","false","true","householder","5","","","","","","","","","","","","","","","","","","","","","true","10","uniform","false","43","elu","0.0005","true","1","loss","1","1","true","0.0005","66","0.8648648648648649","0.7796610169491526","0.8108108108108109","0.6748067736625671","1","0.010866100899875164","0.7966101694915254","0.6255579590797424","84.86486486486487","5.296194038450114","1"
"magic-sweep-14","texas","SampleBundleSheaf_1","0.011193275755038484","0.001120957061308469","","","","2025-06-07T05:29:22.000Z","36","qtproi57","0","0","false","adaptive_heun","1","","0","8","false","cuda:0","0.1","200","","","3","true","${ENTITY}","100","0","10","183","16","1703","0.1","2","true","false","0.01","100","1000","1","100","","","","0","false","true","householder","5","","","","","","","","","","","","","","","","","","","","","true","10","uniform","false","43","elu","0.0005","true","1","loss","1","1","true","0.0005","75","0.8378378378378378","0.7627118644067796","0.7837837837837838","0.6491414308547974","1","0.022717928513884544","0.7966101694915254","0.6544791460037231","84.86486486486487","3.0096023582864975","1"
"chocolate-sweep-13","texas","BundleSheaf","0.009587226239498705","0.0009982224177054815","","","","2025-06-07T05:28:45.000Z","33","qtproi57","0","0","false","adaptive_heun","1","","0","8","false","cuda:0","0.1","200","","","3","true","${ENTITY}","100","0","10","183","16","1703","0.1","2","true","false","0.01","100","1000","1","100","","","","0","false","true","householder","5","","","","","","","","","","","","","","","","","","","","","true","10","uniform","false","43","elu","0.0005","true","1","loss","1","1","true","0.0005","14","0.7567567567567568","0.5932203389830508","0.7837837837837838","1.071496844291687","1","0.002467356389388442","0.7796610169491526","0.8389410376548767","76.75675675675676","4.221756581571165","1"
"apricot-sweep-12","cora","SampleBundleSheaf_4","0.01166199294291437","0.0009688171576622578","","","","2025-06-07T05:26:40.000Z","119","qtproi57","0","0","false","adaptive_heun","1","","0","4","false","cuda:0","0.1","200","","","3","true","${ENTITY}","100","0","10","2708","16","1433","0.1","2","true","false","0.01","100","1000","1","100","","","","0","false","true","householder","7","","","","","","","","","","","","","","","","","","","","","true","10","uniform","false","43","elu","0.0005","true","1","loss","1","1","true","0.0005","21","0.49899396378269617","0.5062814070351759","0.5694164989939637","1.9436875581741333","0.9991610738255032","0.04217097908258438","0.5703517587939698","1.8245350122451784","48.7122736418511","5.172591735068906","1"
"toasty-sweep-11","cora","SampleBundleSheaf_2","0.011529525607125836","0.001330907498006853","","","","2025-06-07T05:24:35.000Z","118","qtproi57","0","0","false","adaptive_heun","1","","0","4","false","cuda:0","0.1","200","","","3","true","${ENTITY}","100","0","10","2708","16","1433","0.1","2","true","false","0.01","100","1000","1","100","","","","0","false","true","householder","7","","","","","","","","","","","","","","","","","","","","","true","10","uniform","false","43","elu","0.0005","true","1","loss","1","1","true","0.0005","43","0.710261569416499","0.7010050251256281","0.6841046277665996","1.1769752502441406","0.9991610738255032","0.06246863678097725","0.7123115577889447","1.0055943727493286","70.66398390342052","2.911323500633549","1"
"stellar-sweep-10","cora","SampleBundleSheaf_1","0.011234908991726116","0.0015980630155171417","","","","2025-06-07T05:22:34.000Z","116","qtproi57","0","0","false","adaptive_heun","1","","0","4","false","cuda:0","0.1","200","","","3","true","${ENTITY}","100","0","10","2708","16","1433","0.1","2","true","false","0.01","100","1000","1","100","","","","0","false","true","householder","7","","","","","","","","","","","","","","","","","","","","","true","10","uniform","false","43","elu","0.0005","true","1","loss","1","1","true","0.0005","55","0.7364185110663984","0.7399497487437185","0.6780684104627767","1.0860402584075928","0.99748322147651","0.0870499461889267","0.7298994974874372","0.8845910429954529","73.40040241448692","1.958646844851179","1"
"polar-sweep-9","cora","BundleSheaf","0.00931678426801227","0.0011197794738659077","","","","2025-06-07T05:21:05.000Z","84","qtproi57","0","0","false","adaptive_heun","1","","0","4","false","cuda:0","0.1","200","","","3","true","${ENTITY}","100","0","10","2708","16","1433","0.1","2","true","false","0.01","100","1000","1","100","","","","0","false","true","householder","7","","","","","","","","","","","","","","","","","","","","","true","10","uniform","false","43","elu","0.0005","true","1","loss","1","1","true","0.0005","21","0.49899396378269617","0.5062814070351759","0.5694164989939637","1.943687438964844","0.9991610738255032","0.04217098653316498","0.5703517587939698","1.8245350122451784","48.7122736418511","5.172591735068906","1"
"sleek-sweep-8","wisconsin","SampleBundleSheaf_4","0.010271770408377054","0.0014389223257277386","","","","2025-06-07T05:20:23.000Z","36","qtproi57","0","0","false","adaptive_heun","1","","0","4","false","cuda:0","0.1","200","","","3","true","${ENTITY}","100","0","10","251","16","1703","0.1","2","true","false","0.01","100","1000","1","100","","","","0","false","true","householder","5","","","","","","","","","","","","","","","","","","","","","true","10","uniform","false","43","elu","0.0005","true","1","loss","1","1","true","0.0005","21","0.7450980392156863","0.6875","0.7450980392156863","1.7731444835662842","1","0.0018133901758119464","0.775","1.615269660949707","74.70588235294117","5.437421421122372","1"
"logical-sweep-7","wisconsin","SampleBundleSheaf_2","0.011186804527649656","0.0013642830401049924","","","","2025-06-07T05:19:41.000Z","38","qtproi57","0","0","false","adaptive_heun","1","","0","4","false","cuda:0","0.1","200","","","3","true","${ENTITY}","100","0","10","251","16","1703","0.1","2","true","false","0.01","100","1000","1","100","","","","0","false","true","householder","5","","","","","","","","","","","","","","","","","","","","","true","10","uniform","false","43","elu","0.0005","true","1","loss","1","1","true","0.0005","81","0.8235294117647058","0.8","0.7647058823529411","1.3714609146118164","1","0.00835063774138689","0.8125","0.7972458600997925","83.72549019607843","3.0439558227960832","1"
"devout-sweep-6","wisconsin","SampleBundleSheaf_1","0.01073348442581482","0.001062821698049442","","","","2025-06-07T05:19:00.000Z","37","qtproi57","0","0","false","adaptive_heun","1","","0","4","false","cuda:0","0.1","200","","","3","true","${ENTITY}","100","0","10","251","16","1703","0.1","2","true","false","0.01","100","1000","1","100","","","","0","false","true","householder","5","","","","","","","","","","","","","","","","","","","","","true","10","uniform","false","43","elu","0.0005","true","1","loss","1","1","true","0.0005","73","0.8431372549019608","0.85","0.8627450980392157","0.6347092986106873","1","0.02032306231558323","0.85","0.5228937864303589","85.29411764705881","3.3101849051243386","1"
"giddy-sweep-5","wisconsin","BundleSheaf","0.008588627776596695","0.0010749490371571224","","","","2025-06-07T05:18:23.000Z","31","qtproi57","0","0","false","adaptive_heun","1","","0","4","false","cuda:0","0.1","200","","","3","true","${ENTITY}","100","0","10","251","16","1703","0.1","2","true","false","0.01","100","1000","1","100","","","","0","false","true","householder","5","","","","","","","","","","","","","","","","","","","","","true","10","uniform","false","43","elu","0.0005","true","1","loss","1","1","true","0.0005","21","0.7450980392156863","0.6875","0.7450980392156863","1.773144245147705","1","0.0018133893609046936","0.775","1.6152693033218384","74.70588235294117","5.437421421122372","1"
"glad-sweep-4","texas","SampleBundleSheaf_4","0.01071662325179204","0.0011129167769348225","","","","2025-06-07T05:17:40.000Z","36","qtproi57","0","0","false","adaptive_heun","1","","0","4","false","cuda:0","0.1","200","","","3","true","${ENTITY}","100","0","10","183","16","1703","0.1","2","true","false","0.01","100","1000","1","100","","","","0","false","true","householder","5","","","","","","","","","","","","","","","","","","","","","true","10","uniform","false","43","elu","0.0005","true","1","loss","1","1","true","0.0005","19","0.7567567567567568","0.576271186440678","0.7567567567567568","1.450063705444336","1","0.002443613950163126","0.864406779661017","0.7560474872589111","76.4864864864865","5.135135135135135","1"
"lyric-sweep-3","texas","SampleBundleSheaf_2","0.009983137393137442","0.0013166624206422796","","","","2025-06-07T05:17:03.000Z","32","qtproi57","0","0","false","adaptive_heun","1","","0","4","false","cuda:0","0.1","200","","","3","true","${ENTITY}","100","0","10","183","16","1703","0.1","2","true","false","0.01","100","1000","1","100","","","","0","false","true","householder","5","","","","","","","","","","","","","","","","","","","","","true","10","uniform","false","43","elu","0.0005","true","1","loss","1","1","true","0.0005","35","0.8378378378378378","0.6610169491525424","0.8108108108108109","1.121567964553833","1","0.0033431388437747955","0.8305084745762712","0.8738439083099365","78.64864864864865","4.594594594594595","1"
"distinctive-sweep-2","texas","SampleBundleSheaf_1","0.00979942437610589","0.0012250095185103735","","","","2025-06-07T05:16:26.000Z","31","qtproi57","0","0","false","adaptive_heun","1","","0","4","false","cuda:0","0.1","200","","","3","true","${ENTITY}","100","0","10","183","16","1703","0.1","2","true","false","0.01","100","1000","1","100","","","","0","false","true","householder","5","","","","","","","","","","","","","","","","","","","","","true","10","uniform","false","43","elu","0.0005","true","1","loss","1","1","true","0.0005","94","0.8378378378378378","0.7966101694915254","0.7837837837837838","0.6561984419822693","1","0.011681039817631245","0.7966101694915254","0.7242547273635864","80.27027027027029","5.135135135135135","1"
"olive-sweep-1","texas","BundleSheaf","0.007917177096940576","0.001075213390137188","","","","2025-06-07T05:15:49.000Z","30","qtproi57","0","0","false","adaptive_heun","1","","0","4","false","cuda:0","0.1","200","","","3","true","${ENTITY}","100","0","10","183","16","1703","0.1","2","true","false","0.01","100","1000","1","100","","","","0","false","true","householder","5","","","","","","","","","","","","","","","","","","","","","true","10","uniform","false","43","elu","0.0005","true","1","loss","1","1","true","0.0005","19","0.7567567567567568","0.576271186440678","0.7567567567567568","1.450063705444336","1","0.002443612553179264","0.864406779661017","0.7560474872589111","76.4864864864865","5.135135135135135","1"